round,item_id,status,reason,status_correct,citation_recall,citation_precision,rubric_score,full_score,veto_failed,bonus_score,elapsed_ms,searches,model_calls,repairs
1,q1-two-enhancement-rights,answered,,1,1.0,1.0,1.0,1,0,0.5,13624,1,1,0
1,q2-minimum-change-amount-conflict,source_conflict,,1,1.0,0.6,1.0,1,0,,15389,1,1,0
1,q3-bonus-rate-year20,answered,,1,0.7778,0.9231,1.0,1,0,,23638,3,2,0
1,q4-incremental-death-benefit-netting,answered,,1,1.0,0.8,1.0,1,0,,8463,1,1,0
1,q5-periodic-withdrawal-eligibility,answered,,1,1.0,1.0,0.875,0,0,0.0,11376,1,1,0
1,q6-macau-currency-and-lapse,answered,,1,1.0,0.8333,1.0,1,0,,14810,3,2,0
1,q7-2025-rates-not-in-brochure,answered,,1,,0.5714,1.0,1,0,,15058,3,2,0
1,q8-grandchild-education-vague,clarification,,1,1.0,0.8182,0.5,0,0,,15145,2,2,0
1,q9-vague-overreach-uncovered-needs,answered,,1,,1.0,0.9,0,0,,25321,3,2,0
1,q10-nonresident-eligibility-not-in-document,answered,,1,,0.6667,1.0,1,0,,15406,2,2,0
2,q1-two-enhancement-rights,answered,,1,1.0,1.0,1.0,1,0,0.0,8438,1,1,0
2,q2-minimum-change-amount-conflict,source_conflict,,1,1.0,0.75,1.0,1,0,,20567,1,1,0
2,q3-bonus-rate-year20,answered,,1,0.8889,0.8235,1.0,1,0,,16356,3,2,0
2,q4-incremental-death-benefit-netting,answered,,1,1.0,1.0,1.0,1,0,,6697,1,1,0
2,q5-periodic-withdrawal-eligibility,answered,,1,1.0,1.0,1.0,1,0,0.0,13787,1,1,0
2,q6-macau-currency-and-lapse,answered,,1,1.0,0.7692,1.0,1,0,,23785,3,2,0
2,q7-2025-rates-not-in-brochure,answered,,1,,0.4737,0.9167,0,0,,14714,3,2,0
2,q8-grandchild-education-vague,clarification,,1,1.0,0.75,0.5,0,0,,18459,2,2,0
2,q9-vague-overreach-uncovered-needs,clarification,,1,,0.6154,0.8,0,0,,30428,3,2,0
2,q10-nonresident-eligibility-not-in-document,answered,,1,,0.5,1.0,1,0,,21174,3,2,0
3,q1-two-enhancement-rights,answered,,1,1.0,1.0,1.0,1,0,0.0,11926,1,1,0
3,q2-minimum-change-amount-conflict,source_conflict,,1,1.0,0.3333,1.0,1,0,,23467,2,2,0
3,q3-bonus-rate-year20,answered,,1,0.7778,0.8571,1.0,1,0,,20713,3,2,0
3,q4-incremental-death-benefit-netting,answered,,1,1.0,1.0,0.9167,0,0,,5146,1,1,0
3,q5-periodic-withdrawal-eligibility,answered,,1,1.0,1.0,1.0,1,0,0.0,10781,1,1,0
3,q6-macau-currency-and-lapse,answered,,1,1.0,1.0,0.9,0,0,,16183,3,2,0
3,q7-2025-rates-not-in-brochure,answered,,1,,0.5,1.0,1,0,,11174,3,2,0
3,q8-grandchild-education-vague,clarification,,1,0.0,0.6667,0.0,0,1,,9835,1,1,0
3,q9-vague-overreach-uncovered-needs,answered,,1,,0.7778,0.8,0,0,,23907,3,2,0
3,q10-nonresident-eligibility-not-in-document,answered,,1,,0.75,1.0,1,0,,18264,3,2,0
4,q1-two-enhancement-rights,answered,,1,1.0,1.0,1.0,1,0,0.5,11117,1,1,0
4,q2-minimum-change-amount-conflict,source_conflict,,1,1.0,0.4444,0.7,0,0,,22645,3,2,0
4,q3-bonus-rate-year20,answered,,1,0.7778,0.9286,1.0,1,0,,37925,3,2,0
4,q4-incremental-death-benefit-netting,answered,,1,1.0,1.0,0.9167,0,0,,7078,1,1,0
4,q5-periodic-withdrawal-eligibility,answered,,1,1.0,1.0,1.0,1,0,0.0,14319,1,1,0
4,q6-macau-currency-and-lapse,answered,,1,1.0,0.8,1.0,1,0,,16560,3,2,0
4,q7-2025-rates-not-in-brochure,answered,,1,,0.5625,0.9167,0,0,,11960,3,2,0
4,q8-grandchild-education-vague,clarification,,1,0.0,0.5,0.0,0,1,,6084,1,1,0
4,q9-vague-overreach-uncovered-needs,answered,,1,,1.0,1.0,1,0,,22629,3,2,0
4,q10-nonresident-eligibility-not-in-document,answered,,1,,0.75,1.0,1,0,,12429,3,2,0
5,q1-two-enhancement-rights,answered,,1,1.0,1.0,1.0,1,0,0.0,9951,1,1,0
5,q2-minimum-change-amount-conflict,source_conflict,,1,1.0,0.5,1.0,1,0,,19856,1,1,0
5,q3-bonus-rate-year20,answered,,1,0.8889,0.8235,1.0,1,0,,28368,3,2,0
5,q4-incremental-death-benefit-netting,answered,,1,1.0,1.0,0.8333,0,0,,5899,1,1,0
5,q5-periodic-withdrawal-eligibility,answered,,1,1.0,1.0,1.0,1,0,0.0,12837,1,1,0
5,q6-macau-currency-and-lapse,answered,,1,1.0,1.0,1.0,1,0,,14736,3,2,0
5,q7-2025-rates-not-in-brochure,answered,,1,,0.5,0.8333,0,0,,14537,3,2,0
5,q8-grandchild-education-vague,clarification,,1,1.0,0.6923,0.6667,0,0,,22065,3,2,0
5,q9-vague-overreach-uncovered-needs,clarification,,1,,0.6154,0.8,0,0,,20886,3,2,0
5,q10-nonresident-eligibility-not-in-document,answered,,1,,0.625,0.9286,0,0,,14641,3,2,0
